﻿{"cameraMode":{"drawMode":0,"name":"Shaded","section":"Shading Mode"},"sceneLighting":true,"audioPlay":false,"sceneViewState":{"showFog":true,"showMaterialUpdate":false,"showSkybox":true,"showFlares":true,"showImageEffects":true,"showParticleSystems":true},"in2DMode":false,"pivot":{"x":53.756553649902347,"y":4.9768829345703129,"z":13.447877883911133},"rotation":{"x":0.21488764882087708,"y":-0.6689338684082031,"z":0.21157896518707276,"w":0.679400622844696},"size":118.82645416259766,"orthographic":false}