﻿{"cameraMode":{"drawMode":0,"name":"Shaded","section":"Shading Mode"},"sceneLighting":false,"audioPlay":false,"sceneViewState":{"showFog":true,"showMaterialUpdate":false,"showSkybox":true,"showFlares":true,"showImageEffects":true,"showParticleSystems":true},"in2DMode":false,"pivot":{"x":-6.269999980926514,"y":0.9499999284744263,"z":9.359999656677246},"rotation":{"x":-0.36795830726623537,"y":0.007013912312686443,"z":-0.0027760127559304239,"w":-0.9298117756843567},"size":4.492795944213867,"orthographic":false}