﻿{"cameraMode":{"drawMode":0,"name":"Shaded","section":"Shading Mode"},"sceneLighting":false,"audioPlay":false,"sceneViewState":{"showFog":true,"showMaterialUpdate":false,"showSkybox":true,"showFlares":true,"showImageEffects":true,"showParticleSystems":true},"in2DMode":false,"pivot":{"x":-15.819997787475586,"y":-0.5134773254394531,"z":-15.65000057220459},"rotation":{"x":0.249406635761261,"y":-0.6181772947311401,"z":0.21611499786376954,"w":0.7134055495262146},"size":106.04881286621094,"orthographic":false}