﻿{"cameraMode":{"drawMode":0,"name":"Shaded","section":"Shading Mode"},"sceneLighting":false,"audioPlay":false,"sceneViewState":{"showFog":true,"showMaterialUpdate":false,"showSkybox":true,"showFlares":true,"showImageEffects":true,"showParticleSystems":true},"in2DMode":false,"pivot":{"x":10.465147018432618,"y":2.2178239822387697,"z":-1.6299772262573243},"rotation":{"x":-0.20276184380054475,"y":0.03675372153520584,"z":-0.007616277318447828,"w":-0.978508472442627},"size":2.850217819213867,"orthographic":false}