﻿{"cameraMode":{"drawMode":0,"name":"Shaded","section":"Shading Mode"},"sceneLighting":true,"audioPlay":false,"sceneViewState":{"showFog":true,"showMaterialUpdate":false,"showSkybox":true,"showFlares":true,"showImageEffects":true,"showParticleSystems":true},"in2DMode":false,"pivot":{"x":-1.1818323135375977,"y":1.8551764488220215,"z":0.10680246353149414},"rotation":{"x":-0.05660123750567436,"y":0.8810839056968689,"z":-0.10920030623674393,"w":-0.45668673515319826},"size":2.8578836917877199,"orthographic":false}