﻿{"cameraMode":{"drawMode":0,"name":"Shaded","section":"Shading Mode"},"sceneLighting":false,"audioPlay":false,"sceneViewState":{"showFog":true,"showMaterialUpdate":false,"showSkybox":true,"showFlares":true,"showImageEffects":true,"showParticleSystems":true},"in2DMode":false,"pivot":{"x":-1.5867242813110352,"y":1.994795322418213,"z":0.7469887733459473},"rotation":{"x":-0.05660123750567436,"y":0.8810839056968689,"z":-0.10920030623674393,"w":-0.45668673515319826},"size":2.8578836917877199,"orthographic":false}